{"initial_reset_timestamp": 1623172770.59836, "timestamps": [1623172773.9587848, 1623172774.9107277, 1623172775.174994, 1623172775.4425967, 1623172775.6752563, 1623172775.8749583, 1623172776.1757805, 1623172776.5415916, 1623172778.4418716, 1623172778.658991, 1623172779.3248425, 1623172779.5081375, 1623172779.808667, 1623172779.9917445, 1623172780.4085586, 1623172780.7747, 1623172781.0427809, 1623172781.208465, 1623172781.6253824, 1623172782.224669, 1623172782.6250231, 1623172782.9587035, 1623172783.1419864, 1623172783.391737, 1623172783.5917933, 1623172783.8747487, 1623172784.241728, 1623172784.7756646, 1623172784.9917347, 1623172785.2755651, 1623172785.4920757, 1623172785.692126, 1623172785.8751166, 1623172786.1921687, 1623172786.5918026, 1623172786.8748102, 1623172787.1422753, 1623172787.5087342, 1623172787.8086812, 1623172788.0255706, 1623172788.441616, 1623172789.041533, 1623172789.3913488, 1623172789.625485, 1623172789.791971, 1623172790.475601, 1623172790.9584894, 1623172791.358446, 1623172791.625481, 1623172792.0753605, 1623172792.975356, 1623172793.341546, 1623172793.5252626, 1623172793.79154, 1623172794.3584569, 1623172794.6588132, 1623172794.9249797, 1623172795.2085817, 1623172795.775512, 1623172796.0584257, 1623172796.3251092, 1623172796.8245711, 1623172797.0754545, 1623172797.2591057, 1623172797.7920141, 1623172798.2419188, 1623172798.8916328, 1623172799.2915533, 1623172799.9583795, 1623172800.242359, 1623172800.6253335, 1623172800.8753345, 1623172801.2749517, 1623172801.5751724, 1623172802.6251385, 1623172803.891755, 1623172804.3416054, 1623172804.5584276, 1623172804.8583589, 1623172805.3253527, 1623172806.1412766, 1623172806.4587145, 1623172807.0077949, 1623172807.2917404, 1623172807.791663, 1623172808.125224, 1623172808.6915755, 1623172809.091604, 1623172809.4251122, 1623172809.6751423, 1623172809.8752205, 1623172810.041279, 1623172810.4249282, 1623172810.8579454, 1623172811.3578162, 1623172811.7585545, 1623172812.14149, 1623172812.3413708, 1623172812.5753868, 1623172813.0912194, 1623172814.4748619, 1623172815.208742, 1623172815.4746916, 1623172815.8579853, 1623172816.3747249, 1623172816.8748326, 1623172817.3245564, 1623172817.774547, 1623172818.3574708, 1623172818.675329, 1623172819.2248921, 1623172819.4919262, 1623172819.741979, 1623172820.04177, 1623172820.8248029, 1623172821.058857, 1623172821.6586323, 1623172822.3749206, 1623172822.808545, 1623172823.0745628, 1623172823.8084824, 1623172825.4086914, 1623172825.791621, 1623172826.6081839, 1623172827.4414296, 1623172827.9414983, 1623172828.5254505, 1623172828.841885, 1623172829.841702, 1623172830.4246902, 1623172831.6581693, 1623172831.9077785, 1623172832.5247483, 1623172832.7588193, 1623172833.5080268, 1623172834.1585844, 1623172834.3416438, 1623172835.1915534, 1623172835.6418753, 1623172836.5576737, 1623172837.2586193, 1623172838.3249564, 1623172839.35777, 1623172839.6919212, 1623172840.0416238, 1623172840.9250138, 1623172841.3247259, 1623172842.5916903, 1623172843.5586061, 1623172843.9084191, 1623172844.2585185, 1623172844.4576774, 1623172845.1083865, 1623172845.4745722, 1623172847.3752315, 1623172849.5755863, 1623172850.491787, 1623172850.8917131, 1623172851.2751243, 1623172852.3087358, 1623172853.1418395, 1623172853.8415983, 1623172855.2913828, 1623172855.8087013, 1623172856.208003, 1623172857.2246184, 1623172858.4245138, 1623172859.107894, 1623172860.2747111, 1623172861.0918858, 1623172862.1414638, 1623172862.94196, 1623172863.8576994, 1623172865.1246722, 1623172866.7414708, 1623172867.1421015, 1623172869.2918236, 1623172869.7754025, 1623172870.5416732, 1623172871.3245142, 1623172872.4088976, 1623172873.27492, 1623172874.8584087, 1623172875.8253732, 1623172877.5257003, 1623172878.2916863, 1623172880.1255102, 1623172880.9583147, 1623172883.2584023, 1623172884.1414537, 1623172885.7416902, 1623172887.5915606, 1623172888.6586633, 1623172889.4754674, 1623172890.6255262, 1623172891.3586593, 1623172892.6753874, 1623172893.6917336, 1623172896.308406, 1623172898.2915561, 1623172899.6424088, 1623172901.258389, 1623172903.1745887, 1623172903.5577562, 1623172905.4747524, 1623172906.9582465, 1623172907.6582644, 1623172910.1921713, 1623172913.442133, 1623172915.7581346, 1623172916.3911319, 1623172917.8921432, 1623172920.775314, 1623172921.8754396, 1623172925.8587358, 1623172928.725454, 1623172933.6583807, 1623172935.7249203, 1623172939.108586, 1623172940.0248194, 1623172942.6415122, 1623172945.874358, 1623172952.0912743, 1623172954.1420085, 1623172957.8575864, 1623172960.0084949, 1623172963.1745086, 1623172967.174371, 1623172970.3578038, 1623172973.52462, 1623172974.824446, 1623172978.3083725, 1623172981.2916303, 1623172985.9085665, 1623172986.4415684, 1623172990.6762357, 1623172996.4747996, 1623172999.1748886, 1623173001.7080138, 1623173003.7922242, 1623173008.89186, 1623173015.4254827, 1623173018.8749092, 1623173021.9586098, 1623173025.9575963, 1623173029.4085002, 1623173032.7089872, 1623173036.057652, 1623173038.241457, 1623173039.7084982, 1623173042.8076143, 1623173043.2418332, 1623173046.5744648, 1623173047.9247532, 1623173051.4075456, 1623173052.7415876, 1623173054.3244808, 1623173056.0914664, 1623173057.974721, 1623173061.3747911, 1623173064.124425, 1623173066.1416576, 1623173068.3413982, 1623173071.0413692, 1623173076.5244062, 1623173079.4745123, 1623173083.6915045, 1623173085.2744691, 1623173088.9423382, 1623173094.6575224, 1623173097.3748164, 1623173099.9577124, 1623173100.7252533, 1623173102.9075716, 1623173105.524434, 1623173107.308382, 1623173109.6084962, 1623173112.858459, 1623173115.9741213, 1623173118.6744468, 1623173122.8913426, 1623173127.5917482, 1623173130.4753916, 1623173132.9410293, 1623173134.9409301, 1623173136.974659, 1623173138.9740925, 1623173141.2577014, 1623173141.907509, 1623173142.8744464, 1623173144.8744266, 1623173146.8412797, 1623173149.4077055, 1623173152.0244434, 1623173153.107682, 1623173155.3415911, 1623173157.2074769, 1623173157.9741614, 1623173160.1746464, 1623173163.4414723, 1623173166.025471, 1623173169.0075028, 1623173171.6412258, 1623173174.5249221, 1623173176.924469, 1623173179.7244468, 1623173183.0077362, 1623173186.791509, 1623173189.307506, 1623173191.207399, 1623173193.7245302, 1623173196.8084953, 1623173200.207722, 1623173202.074303, 1623173205.8410378, 1623173209.0408208, 1623173212.69116, 1623173216.0415092, 1623173218.1576686, 1623173219.9906428, 1623173222.590837, 1623173227.390729, 1623173230.491507, 1623173237.307503, 1623173245.1907432, 1623173248.574646, 1623173251.3251958, 1623173255.1744397, 1623173260.258476, 1623173264.2753544, 1623173268.3245246, 1623173271.5242894, 1623173277.0074098, 1623173280.791412, 1623173283.3243678, 1623173286.9408665, 1623173289.4238694, 1623173295.7746985, 1623173298.9084625, 1623173304.4743774, 1623173306.2247627, 1623173310.890869, 1623173315.9573522, 1623173323.1747181, 1623173325.940715, 1623173329.3249967, 1623173332.2580245, 1623173333.991147, 1623173337.6581376, 1623173339.5407717, 1623173342.7574558, 1623173346.9073813, 1623173348.724094, 1623173353.407498, 1623173356.3406196, 1623173361.0908947, 1623173364.5572314, 1623173370.7742128, 1623173375.5412881, 1623173378.3741581, 1623173382.0413876, 1623173386.8412275, 1623173389.824085, 1623173395.3742502, 1623173398.4742422, 1623173401.4077878, 1623173404.0411854, 1623173406.8242352, 1623173411.2241251, 1623173414.3248398, 1623173417.4411118, 1623173419.5080228, 1623173422.9076958, 1623173425.973704, 1623173428.4907045, 1623173431.275414, 1623173433.9237614, 1623173437.0404067, 1623173439.5737035, 1623173441.5744748, 1623173444.940525, 1623173447.9914222, 1623173450.4406333, 1623173452.524419, 1623173455.8744738, 1623173458.5246375, 1623173460.2574444, 1623173461.4405456, 1623173463.8409028, 1623173465.9074225, 1623173467.1576855, 1623173469.4914424, 1623173472.5404263, 1623173475.1909015, 1623173477.2243183, 1623173479.6577137, 1623173480.2906153, 1623173482.2744577, 1623173484.6415327, 1623173487.27446, 1623173489.2573888, 1623173491.1745014, 