{"initial_reset_timestamp": 1623174314.9617426, "timestamps": [1623174316.6432405, 1623174317.4270244, 1623174317.489036, 1623174317.4960368, 1623174317.5100348, 1623174317.5230353, 1623174317.527038, 1623174317.533035, 1623174317.742919, 1623174317.7839217, 1623174317.804931, 1623174317.8179314, 1623174317.8339343, 1623174317.8429308, 1623174317.854931, 1623174317.8679304, 1623174317.8789327, 1623174317.8889327, 1623174317.8939538, 1623174317.9129395, 1623174317.9399407, 1623174317.9459405, 1623174317.9509401, 1623174317.9619398, 1623174317.9669404, 1623174317.980943, 1623174317.9879422, 1623174318.1929467, 1623174318.2306917, 1623174318.2476912, 1623174318.253692, 1623174318.2666929, 1623174318.2776914, 1623174318.2836926, 1623174318.302693, 1623174318.320691, 1623174318.3396912, 1623174318.345694, 1623174318.3576908, 1623174318.367692, 1623174318.3806918, 1623174318.3916917, 1623174318.4026911, 1623174318.4276912, 1623174318.4506912, 1623174318.4626915, 1623174318.4746919, 1623174318.4836934, 1623174318.5096936, 1623174318.5156925, 1623174318.5336926, 1623174318.5396924, 1623174318.5446942, 1623174318.5566914, 1623174318.577691, 1623174318.5996928, 1623174318.6196935, 1623174318.648694, 1623174318.667691, 1623174318.690691, 1623174318.720692, 1623174318.744693, 1623174318.7756937, 1623174318.8246922, 1623174319.8105066, 1623174319.866522, 1623174319.8855238, 1623174319.902521, 1623174319.914521, 1623174319.9285207, 1623174319.9415216, 1623174319.9545217, 1623174319.9635212, 1623174319.9755232, 1623174319.9885216, 1623174320.0155287, 1623174320.031529, 1623174320.0435288, 1623174320.0545292, 1623174320.0645294, 1623174320.0755308, 1623174320.086531, 1623174320.0955396, 1623174320.1145375, 1623174320.1455383, 1623174320.1655378, 1623174320.1975367, 1623174320.2115371, 1623174320.250537, 1623174320.2765377, 1623174320.3205457, 1623174320.3675451, 1623174320.4095533, 1623174320.4833865, 1623174320.4944115, 1623174320.530394, 1623174320.5753968, 1623174320.6193933, 1623174320.672394, 1623174320.6893938, 1623174320.7254167, 1623174320.795423, 1623174320.8284223, 1623174320.8404224, 1623174320.8544228, 1623174320.8614242, 1623174320.8714223, 1623174320.8874223, 1623174320.919434, 1623174320.9689496, 1623174321.0139585, 1623174321.055961, 1623174321.1299667, 1623174321.2279751, 1623174321.3959744, 1623174321.5710993, 1623174321.739225, 1623174321.9073555, 1623174322.0764444, 1623174322.2445645, 1623174322.413043, 1623174322.5820456, 1623174322.7510433, 1623174322.9220445, 1623174323.093043], "episode_lengths": [12, 39, 39, 18, 37, 38, 9, 13, 11, 16, 56, 38, 43, 21, 37, 36, 31, 23, 12, 56, 80, 16, 10, 33, 10, 40, 19, 10, 14, 41, 17, 38, 28, 19, 53, 53, 53, 18, 33, 26, 40, 29, 27, 74, 62, 35, 32, 22, 76, 17, 43, 16, 12, 34, 58, 62, 56, 81, 55, 65, 62, 68, 83, 143, 57, 46, 53, 50, 34, 38, 40, 38, 22, 32, 39, 79, 44, 33, 31, 28, 26, 32, 22, 57, 87, 58, 86, 30, 115, 73, 127, 140, 121, 215, 27, 105, 129, 110, 154, 46, 102, 206, 96, 20, 35, 20, 25, 43, 94, 146, 128, 121, 219, 289, 500, 500, 500, 500, 500, 500, 500, 500, 500, 500, 500], "episode_rewards": [12.0, 39.0, 39.0, 18.0, 37.0, 38.0, 9.0, 13.0, 11.0, 16.0, 56.0, 38.0, 43.0, 21.0, 37.0, 36.0, 31.0, 23.0, 12.0, 56.0, 80.0, 16.0, 10.0, 33.0, 10.0, 40.0, 19.0, 10.0, 14.0, 41.0, 17.0, 38.0, 28.0, 19.0, 53.0, 53.0, 53.0, 18.0, 33.0, 26.0, 40.0, 29.0, 27.0, 74.0, 62.0, 35.0, 32.0, 22.0, 76.0, 17.0, 43.0, 16.0, 12.0, 34.0, 58.0, 62.0, 56.0, 81.0, 55.0, 65.0, 62.0, 68.0, 83.0, 143.0, 57.0, 46.0, 53.0, 50.0, 34.0, 38.0, 40.0, 38.0, 22.0, 32.0, 39.0, 79.0, 44.0, 33.0, 31.0, 28.0, 26.0, 32.0, 22.0, 57.0, 87.0, 58.0, 86.0, 30.0, 115.0, 73.0, 127.0, 140.0, 121.0, 215.0, 27.0, 105.0, 129.0, 110.0, 154.0, 46.0, 102.0, 206.0, 96.0, 20.0, 35.0, 20.0, 25.0, 43.0, 94.0, 146.0, 128.0, 121.0, 219.0, 289.0, 500.0, 500.0, 500.0, 500.0, 500.0, 500.0, 500.0, 500.0, 500.0, 500.0, 500.0], "episode_types": ["t", "t", "t", "t", "t", "t", "t", "t", "t", "t", "t", "t", "t", "t", "t", "t", "t", "t", "t", "t", "t", "t", "t", "t", "t", "t", "t", "t", "t", "t", "t", "t", "t", "t", "t", "t", "t", "t", "t", "t", "t", "t", "t", "t", "t", "t", "t", "t", "t", "t", "t", "t", "t", "t", "t", "t", "t", "t", "t", "t", "t", "t", "t", "t", "t", "t", "t", "t", "t", "t", "t", "t", "t", "t", "t", "t", "t", "t", "t", "t", "t", "t", "t", "t", "t", "t", "t", "t", "t", "t", "t", "t", "t", "t", "t", "t", "t", "t", "t", "t", "t", "t", "t", "t", "t", "t", "t", "t", "t", "t", "t", "t", "t", "t", "t", "t", "t", "t", "t", "t", "t", "t", "t", "t", "t", "t"]}